model	requested	effective
deepseek/deepseek-flash	off	off
deepseek/deepseek-flash	minimal	low
deepseek/deepseek-flash	low	low
deepseek/deepseek-flash	medium	high
deepseek/deepseek-flash	high	high
deepseek/deepseek-flash	xhigh	max
deepseek/deepseek-flash	max	max
openrouter/deepseek/deepseek-chat	off	off
openrouter/deepseek/deepseek-chat	minimal	off
openrouter/deepseek/deepseek-chat	low	off
openrouter/deepseek/deepseek-chat	medium	off
openrouter/deepseek/deepseek-chat	high	off
openrouter/deepseek/deepseek-chat	xhigh	off
openrouter/deepseek/deepseek-chat	max	off
openrouter/stealth/ox-alpha	off	low
openrouter/stealth/ox-alpha	minimal	low
openrouter/stealth/ox-alpha	low	low
openrouter/stealth/ox-alpha	medium	high
openrouter/stealth/ox-alpha	high	high
openrouter/stealth/ox-alpha	xhigh	max
openrouter/stealth/ox-alpha	max	max
